gateway_id,correlation_id,amount,fee,payment_method,status,created_at
gw_001,101,100.00,2.80,card,SUCCESS,2026-06-27T14:00:00Z
gw_002,102,50.00,1.55,card,FAILED,2026-06-27T15:00:00Z
gw_003,103,75.00,2.18,card,SUCCESS,2026-06-27T16:00:00Z
gw_005,105,190.00,5.05,card,SUCCESS,2026-06-27T17:00:00Z
gw_006,106,500.00,4.50,ach,SUCCESS,2026-06-27T18:00:00Z
gw_007,107,80.00,2.30,card,SUCCESS,2026-06-27T19:00:00Z
gw_008,108,60.00,1.80,card,SUCCESS,2026-06-27T21:00:00Z
gw_009,108,60.00,1.80,card,SUCCESS,2026-06-27T22:00:00Z
gw_010,109,150.00,4.05,card,SUCCESS,2026-06-27T10:00:00Z
